[
  {
    "name": "officedev-microsoft-teams-samples-meetings-live-caption-csharp",
    "source": "officeDev",
    "title": "Meeting side panel application uses CART link to send caption in live meeting.",
    "shortDescription": "This is a sample application which demonstrates how to use CART link to send live captions in the meeting tab.",
    "url": "https://github.com/OfficeDev/Microsoft-Teams-Samples/tree/main/samples/meetings-live-caption/csharp",
    "longDescription": [
      "This is a sample application which demonstrates how to use CART link to send live captions in the meeting tab."
    ],
    "creationDateTime": "2022-06-24",
    "updateDateTime": "2022-10-21",
    "products": [
      "Teams"
    ],
    "metadata": [
      {
        "key": "TEAMS-SAMPLE-SOURCE",
        "value": "OfficeDev"
      },
      {
        "key": "TEAMS-SERVER-LANGUAGE",
        "value": "csharp"
      },
      {
        "key": "TEAMS-SERVER-PLATFORM",
        "value": "netframework"
      },
      {
        "key": "TEAMS-FEATURES",
        "value": "tab,meeting"
      }
    ],
    "thumbnails": [
      {
        "type": "Image",
        "order": 100,
        "url": "https://raw.githubusercontent.com/OfficeDev/Microsoft-Teams-Samples/main/samples/meetings-live-caption/csharp/MeetingLiveCaption/Images/MeetingCaption.gif",
        "alt": "Solution UX showing meeting side panel application uses cart link to send caption in live meeting."
      }
    ],
    "authors": [
      {
        "gitHubAccount": "OfficeDev",
        "pictureUrl": "https://avatars.githubusercontent.com/u/6789362?s=200&v=4",
        "name": "OfficeDev"
      }
    ],
    "references": [
      {
        "name": "Teams developer documentation",
        "url": "https://aka.ms/TeamsPlatformDocs"
      },
      {
        "name": "Teams developer questions",
        "url": "https://aka.ms/TeamsPlatformFeedback"
      },
      {
        "name": "Teams development videos from Microsoft",
        "url": "https://aka.ms/sample-ref-teams-vids-from-microsoft"
      },
      {
        "name": "Teams development videos from the community",
        "url": "https://aka.ms/community/videos/m365powerplatform"
      }
    ]
  }
]